{"cameraMode":{"drawMode":0,"name":"Shaded","section":"Shading Mode"},"sceneLighting":true,"audioPlay":false,"sceneViewState":{"m_AlwaysRefresh":false,"showFog":true,"showSkybox":true,"showFlares":true,"showImageEffects":true,"showParticleSystems":true,"showVisualEffectGraphs":true,"m_FxEnabled":true},"in2DMode":false,"pivot":{"x":26.750917434692384,"y":15.921541213989258,"z":-22.10080337524414},"rotation":{"x":0.034479159861803058,"y":0.028479240834712983,"z":-0.0009828994516283274,"w":0.9989997148513794},"size":3.927424907684326,"orthographic":false}