{"cameraMode":{"drawMode":0,"name":"Shaded","section":"Shading Mode"},"sceneLighting":false,"audioPlay":false,"sceneViewState":{"m_AlwaysRefresh":false,"showFog":true,"showSkybox":false,"showFlares":true,"showImageEffects":true,"showParticleSystems":true,"showVisualEffectGraphs":true,"m_FxEnabled":true},"in2DMode":false,"pivot":{"x":-15.399999618530274,"y":0.7049503326416016,"z":1.1920928955078126e-7},"rotation":{"x":0.005999889690428972,"y":0.004499993287026882,"z":-0.000026981948394677602,"w":0.9999725222587586},"size":2.0349061489105226,"orthographic":false}